date,Buy and hold,Classical signal exposure,Classical signal,Classical + TDA signal exposure,Classical + TDA signal
2019-01-03,-0.02475673039503723,0.33699528041941773,-0.008342901301743493,0.33922417789710324,-0.008398081515676732
2019-01-04,0.03433571464262353,0.5284311392748897,0.01804834287699133,0.30596554980299373,0.010488916494461955
2019-01-07,0.007010434848680358,0.44270131086362596,0.003060663783029208,0.44763659001752676,0.003067291630096045
2019-01-08,0.009695285023358924,0.45299982031252173,0.004386813118735828,0.46379831305232144,0.004488575976877908
2019-01-09,0.004098045450532162,0.7453364195001514,0.002908254223454711,0.7478931015678953,0.0029228525281069146
2019-01-10,0.004518418782931244,0.7508624852095815,0.003389948123714691,0.7030799279266148,0.003154402965424921
2019-01-11,-0.00014629784190933748,0.7798944538565623,-0.00012861285983976683,0.7492002237305617,-0.00013266652379174745
2019-01-14,-0.005257525167898014,0.8056278390219095,-0.004248475332199652,0.7862464724464608,-0.0041522337414162495
2019-01-15,0.010721688622945758,0.7410311519740226,0.007912806927844324,0.7412377484763035,0.007924815972751234
2019-01-16,0.0022219854881162515,0.7730129670136077,0.0017016326873101303,0.7696982149445243,0.0016960280306016057
2019-01-17,0.0075914003822110665,0.8889995108611157,0.00669075795461277,0.8911100001706111,0.006704066903274237
2019-01-18,0.01318305304897005,0.9040843832094287,0.01191104994842111,0.9144174293935134,0.01204315976598606
2019-01-22,-0.014157306164566674,0.9017922047217573,-0.012768094428309342,0.9192321658287712,-0.013016258576173268
2019-01-23,0.0022029127742235755,0.9005023465157904,0.001983083193254956,0.8938159959340142,0.0019562905903010284
2019-01-24,0.0013757255543636049,0.9404989850175084,0.0012738701682907603,0.9380073458626987,0.0012683450009197527
2019-01-25,0.008488694060713842,0.8949652164722143,0.0075743190333405165,0.9015697508524806,0.007634930991875601
2019-01-28,-0.007846827493937836,0.933580486684427,-0.007344952665825333,0.9299600634537026,-0.007311431350473299
2019-01-29,-0.0014562465775435074,0.9374115214492134,-0.0013670178372426622,0.9397861652303054,-0.001373473437627671
2019-01-30,0.01554926091974429,0.9159905585468899,0.014232265713416736,0.9018251251329618,0.014003733654624794
2019-01-31,0.008597395948725328,0.9348416790570364,0.008027778503969475,0.9327118149768736,0.008003449434488465
2019-02-01,0.0008986100931438479,0.9160654003782432,0.0008137974754203528,0.9024201926376227,0.0007957780821913579
2019-02-04,0.006776236617404008,0.9553814139336214,0.006454232513906532,0.9574377896510637,0.006460316210613173
2019-02-05,0.00470842037697472,0.9775921543446763,0.004591809449681562,0.9789238560913779,0.004598441998307155
2019-02-06,-0.0022244379802809355,0.9803308779887855,-0.002182054600062465,0.9801420394967195,-0.0021808742704291905
2019-02-07,-0.009357140143940179,0.975585067817038,-0.009131059106985282,0.9716979307386765,-0.009096535769877496
2019-02-08,0.0006762010869560964,0.9612013968685785,0.0006427735938720212,0.9546299198458703,0.0006369877839941855
2019-02-11,0.0007091030986317026,0.975585067817038,0.0006845985590936516,0.9716979307386765,0.0006805000081744059
2019-02-12,0.0128902247439735,0.96792819638336,0.01247298355169359,0.9812448020949607,0.0126436925921817
2019-02-13,0.003023994668760688,0.9751654968221009,0.00294527661333003,0.9784793863476094,0.0029575337399337246
2019-02-14,-0.002651641555101225,0.9803308779887855,-0.0026020687844072747,0.9801420394967195,-0.0025998166884057226
2019-02-15,0.01087875260858695,0.9782822887881402,0.01064146670648807,0.9772161077486915,0.01062942931545025
2019-02-19,0.0014987433214488366,0.9751654968221009,0.0014599643796864407,0.9760894546543755,0.0014623442247527242
2019-02-20,0.0017771107537685182,0.9803308779887855,0.0017395738549418616,0.9798753475852852,0.00173945407108102
2019-02-21,-0.003526436790880272,0.9729759076070603,-0.003434815522416524,0.9771946741808685,-0.003447355587585883
2019-02-22,0.006411102394986878,0.9775219508404288,0.006264720298568635,0.9766359929700222,0.006261034012955075
2019-02-25,0.0012318625699112573,0.9775921543446763,0.0012042240818239919,0.9789238560913779,0.0012047557255514846
2019-02-26,-0.0007904570968998437,0.974698844021712,-0.0007719042737585181,0.979607132130256,-0.0007746790477855027
2019-02-27,-0.0005440493877303387,0.970798339679625,-0.0005301124944833729,0.9805883860737284,-0.0005339791380306292
2019-02-28,-0.0028255083152146643,0.9784576547091974,-0.0027684698969810623,0.979961180264341,-0.002769202066329166
2019-03-01,0.00689532059343434,0.9754646318105415,0.006724644852440745,0.975809402228358,0.006726442777434058
2019-03-04,-0.003880558492514008,0.9718329812261375,-0.003773070553894496,0.976717774167291,-0.0037906646393037263
2019-03-05,-0.001131532823106185,0.9754646318105415,-0.0011055860739650194,0.9720794458373889,-0.0011022589637968276
2019-03-06,-0.006524098653592381,0.9784576547091974,-0.006385050779134762,0.9761000065959958,-0.006370183019183753
2019-03-07,-0.00812571755868352,0.9746695024636737,-0.007921783166205166,0.9754102561172913,-0.007926253120291616
2019-03-08,-0.0021316888487414865,0.9658476578030679,-0.002063297604052186,0.9660066633415753,-0.0020639274284430654
2019-03-11,0.014666041867757107,0.9717882957934497,0.01424931751370787,0.9739612405964441,0.014280179043532666
2019-03-12,0.0029533182046204143,0.9824190452520692,0.002896080676179433,0.9824409032968378,0.0028972207733200784
2019-03-13,0.006949583813841809,0.9763159811829886,0.006781938207989841,0.9760891714212747,0.006780237640637772
2019-03-14,-0.0008680223820187738,0.9748548876686236,-0.0008469264084739453,0.9750245759605884,-0.0008468754526824979
2019-03-15,0.00498490290027398,0.9784576547091974,0.004875715017234868,0.9793212259186068,0.004879672894402523
2019-03-18,0.0037059469012648005,0.9795701778966313,0.0036296788037537132,0.9802148882814381,0.0036321774966188024
2019-03-19,-0.0001305615560248663,0.9767280489755643,-0.00012894419834791497,0.9796701590313652,-0.0001281796249792997
2019-03-20,-0.0029443536044478913,0.9744420474397678,-0.0028702449554727618,0.9765685066095928,-0.002876913828637135
2019-03-21,0.010852481049954399,0.9632973157040579,0.010448593498282373,0.9635573040362349,0.010450481781311709
2019-03-22,-0.018974501239482744,0.9759890410790579,-0.018525251132363658,0.9636724532605759,-0.018285261733460345
2019-03-25,-0.000839020658475631,0.9165705167173702,-0.0007987308606564012,0.8835746311621854,-0.0007813862798992548
2019-03-26,0.007182725862306283,0.9807863068669839,0.007012611276654544,0.9795452624718339,0.006987819774401213
2019-03-27,-0.0046443248906916645,0.9732906548206546,-0.00452402584008432,0.9735807319532944,-0.0045246074917677645
2019-03-28,0.003589481529391092,0.9788616089836072,0.003510820188195227,0.9796490323669444,0.003513397956760178
2019-03-29,0.0067342800173637585,0.9831731247809757,0.006618807369922926,0.9830449851734876,0.006618402223420198
2019-04-01,0.011568600124275408,0.9876881881216626,0.011423912164179274,0.9865975742677214,0.011411776525736262
2019-04-02,1.745570720723677e-05,0.9813177261946987,1.3944363942244057e-05,0.9773455501424964,1.243424570097062e-05
2019-04-03,0.002148376881724312,0.9876167081599966,0.0021186234128329545,0.985988086673602,0.002113952742799601
2019-04-04,0.0020846350796801527,0.9861395768029313,0.002055002589585798,0.984197976633042,0.0020507985724191866
2019-04-05,0.004636432770241061,0.9866124088703482,0.0045741256879792466,0.9845932936934367,0.004564802953709634
2019-04-08,0.0010474599539205265,0.9866124088703482,0.0010334369883327546,0.9847984333347211,0.0010314343517811514
2019-04-09,-0.006067494393846573,0.9876167081599966,-0.005992860989674811,0.985988086673602,-0.0059830720149610305
2019-04-10,0.0034778715639784963,0.9858778476454065,0.0034278871016249885,0.9845985564642439,0.0034236125563565905
2019-04-11,3.8123067008344336e-05,0.9882618997448991,3.648354857602218e-05,0.9865975742677214,3.6612616532339546e-05
2019-04-12,0.006609324208602496,0.9858778476454065,0.006514794299117962,0.9841084460288833,0.0065030472121094625
2019-04-15,-0.0006293691084816588,0.9823968099599252,-0.0006200307233024443,0.9786185385019891,-0.0006186572308840678
2019-04-16,0.0005093580038946222,0.9876167081599966,0.0005004405259813177,0.985988086673602,0.0004985361496061371
2019-04-17,-0.0022738117853239315,0.9775135849818359,-0.002227733471435025,0.9737053089165066,-0.00222016399572538
2019-04-18,0.0015790922795098083,0.9775135849818359,0.001543584155160772,0.9737053089165066,0.0015375705358277685
2019-04-22,0.001012017561471401,0.9882618997448991,0.0009947642404933954,0.9864163784980934,0.0009919151631722976
2019-04-23,0.008841205788409079,0.9779208960985465,0.008640829385369487,0.9760100310836148,0.008623902362654541
2019-04-24,-0.002191763174733685,0.9873730059678424,-0.002168813849141068,0.9853130527253502,-0.0021642243753687202
2019-04-25,-0.0003689736527457965,0.9853794563024983,-0.0003645758321652718,0.98425207460609,-0.00036369357224966736
2019-04-26,0.0046852921407636305,0.9775135849818359,0.004576003781544746,0.9751675566005029,0.004564402629865215
2019-04-29,0.001071522174355355,0.9823968099599252,0.0010502183533989788,0.9786185385019891,0.001046885973289368
2019-04-30,0.0009514170090862972,0.9876167081599966,0.0009370253855012027,0.985988086673602,0.0009344010623319127
2019-05-01,-0.007502163081421376,0.9862526493909921,-0.007399710244599623,0.9843007367842431,-0.007385228323463287
2019-05-02,-0.0021239857917741967,0.9858778476454065,-0.0020941779416965623,0.9845985564642439,-0.0020914222543714383
2019-05-03,0.009638279380647763,0.9858778476454065,0.009502166130798118,0.9841084460288833,0.009484867088463817
2019-05-06,-0.004470988428756373,0.988929834847059,-0.004423019842053978,0.9865975742677214,-0.004412310902509507
2019-05-07,-0.016511651392423388,0.9858778476454065,-0.016279997329434474,0.9845985564642439,-0.016258347634722628
2019-05-08,-0.0016054253132695706,0.9791924193666804,-0.0015753630107523048,0.9820484671767467,-0.0015778805127068787
2019-05-09,-0.0030214249424966866,0.9831236502959985,-0.0029723999340273786,0.9836109972304845,-0.0029726880657730942
2019-05-10,0.0037202972597878414,0.9831236502959985,0.0036575122222288234,0.9841162018325983,0.0036609522066895768
2019-05-13,-0.02413055719884427,0.9830677328854083,-0.0237220001174348,0.9839085023028754,-0.023742364243013597
2019-05-14,0.008015944543135589,0.8367510143279019,0.006634191367986162,0.9041076916602324,0.007207376712049432
2019-05-15,0.00583897507464215,0.9753866352751727,0.0056259404410371715,0.9755895033101013,0.005660701887085263
2019-05-16,0.008895287120600504,0.980147165800143,0.008716310194972614,0.9808356568966737,0.00872219170942543
2019-05-17,-0.005837333350761975,0.9841647410827432,-0.005746906453407621,0.9818681472203584,-0.005732007926982109
2019-05-20,-0.0067493779153879885,0.9798428232822572,-0.006615490470912926,0.9803880696417387,-0.006617749624539123
2019-05-21,0.008495835590448308,0.9806231101188871,0.008330822576345837,0.9801106609033644,0.008326720331111431
2019-05-22,-0.0028243962306494508,0.9832541786409604,-0.002778414930184887,0.9814453967899829,-0.0027726580472251915
2019-05-23,-0.01191414994527018,0.9647764934465703,-0.011503730649191609,0.9635739420164843,-0.011489100155926218
2019-05-24,0.0013535590072402126,0.9600367698418647,0.0012970965552989019,0.9612063052605133,0.0012998656339234676
2019-05-28,-0.008375676922946718,0.9826955412865866,-0.008242069753159059,0.9812231621430882,-0.008228416623863958
2019-05-29,-0.0069119122568113145,0.9809677289089129,-0.006781226775170711,0.9790779967659373,-0.006768373788909326
2019-05-30,0.0020984713906617714,0.9795057530543805,0.0020547338118459654,0.979053765220051,0.002054504200461021
2019-05-31,-0.01319537280847849,0.9787657473747623,-0.012915548931618875,0.9794104533483488,-0.01292386440851654
2019-06-03,-0.0027652403144732274,0.9632076187764155,-0.002671279602947477,0.9570454121971808,-0.002657643077164876
2019-06-04,0.021432370568193138,0.9320066154630937,0.01995951065295585,0.9318174502015774,0.01995844291363126
2019-06-05,0.008161854781411959,0.9453328352893098,0.007709006211818669,0.9379751075977882,0.0076525377880943
2019-06-06,0.006135586748687638,0.9603376089112352,0.005884732320691183,0.9629421992710379,0.005895731851762886
2019-06-07,0.01049769746289475,0.9782771246550293,0.010260687531627176,0.9795033834567733,0.010274249591318126
2019-06-10,0.0046600444669098184,0.9508904165176116,0.00441749827006176,0.9562819753323906,0.0044447058238911066
2019-06-11,-0.00034988023558091275,0.9735028200778566,-0.0003519155978076459,0.9656396107737684,-0.00034253703222447587
2019-06-12,-0.0020375791387226005,0.9870118765772754,-0.002017869337635012,0.985988086673602,-0.0020192029943850594
2019-06-13,0.004097381912668174,0.9768535951471949,0.003997463111365956,0.9760100310836148,0.003994096820149713
2019-06-14,-0.001611511904139773,0.9876881881216626,-0.0015970885692235366,0.9865975742677214,-0.00159520750711991
2019-06-17,0.0009317492412306283,0.9817184814370835,0.0009117305968387977,0.9811244188035808,0.0009114253550410072
2019-06-18,0.009717399870633026,0.9851893593219379,0.009571743513881606,0.9841084460288833,0.009561483272517287
2019-06-19,0.002985163546397107,0.9807388464100899,0.0029254405963830277,0.9806072494514672,0.002925522416106546
2019-06-20,0.009472185190685156,0.9882618997448991,0.009357238204614609,0.9865975742677214,0.009342239769736482
2019-06-21,-0.0012592227925193322,0.9873730059678424,-0.0012437670407215622,0.9847984333347211,-0.001240980203758911
2019-06-24,-0.0017318870104667816,0.9876167081599966,-0.0017105623992783375,0.985988086673602,-0.001708214786454447
2019-06-25,-0.009496397343734198,0.9876167081599966,-0.009378800683998104,0.985988086673602,-0.009363334647240758
2019-06-26,-0.0012339337557076835,0.9858778476454065,-0.001217377385471399,0.9845985564642439,-0.0012156241597469672
2019-06-27,0.003823175554131808,0.9775135849818359,0.0037330239106025155,0.9737053089165066,0.00371719971020408
2019-06-28,0.0057574526279098315,0.987876343070192,0.005682469868415254,0.9863739479118943,0.005672666959009437
2019-07-01,0.007672301032188189,0.9866124088703482,0.007568955435845726,0.9853130527253502,0.007559087903859928
2019-07-02,0.002928125887423194,0.9866124088703482,0.0028889253352662237,0.9853130527253502,0.0028851206569010723
2019-07-03,0.007672378673070135,0.9823968099599252,0.007535212533773453,0.979337976786933,0.007510864268858511
2019-07-05,-0.00180590159841032,0.9882618997448991,-0.0017876362892898195,0.9865975742677214,-0.0017853279350982167
2019-07-08,-0.004835444424841517,0.9876167081599966,-0.004775888301145039,0.985988086673602,-0.004767995340463084
2019-07-09,0.0012365569653400854,0.9858778476454065,0.001218224689223124,0.9841084460288833,0.0012159663332646637
2019-07-10,0.0045106896075925995,0.9882618997448991,0.0044565506547092895,0.9864163784980934,0.004448264141015873
2019-07-11,0.002285226738359958,0.9866124088703482,0.0022538083117109716,0.9847984333347211,0.0022496787391698145
2019-07-12,0.004620174547884881,0.9882618997448991,0.004565117730408468,0.9865975742677214,0.00455735343117019
2019-07-15,0.00017586919155743175,0.9806175367439889,0.00016863823191375034,0.9806072494514672,0.0001694634417882592
2019-07-16,-0.003403778522185874,0.9876167081599966,-0.0033651281250949147,0.985988086673602,-0.003358775491161818
2019-07-17,-0.006531243569450895,0.9858778476454065,-0.006439877782955445,0.9841084460288833,-0.006428391780090817
2019-07-18,0.003581997784064761,0.979185645002571,0.003504094709265815,0.977346218962489,0.0034974708770545114
2019-07-19,-0.00617673452276668,0.9882618997448991,-0.0061087695210604665,0.9865975742677214,-0.006098576974709916
2019-07-22,0.002828694915066654,0.9828356390304598,0.0027774290441145277,0.9827678699871781,0.0027780356243833457
2019-07-23,0.006847482673755456,0.9861734300535718,0.006751136580098265,0.9845452576360146,0.006740767899366294
2019-07-24,0.004688147952890187,0.9854936020052469,0.004619799898803113,0.9835986290157885,0.004610782584775851
2019-07-25,-0.005262401280453521,0.9866124088703482,-0.005192509807183204,0.9847984333347211,-0.005183004438728724
2019-07-26,0.007387691099234761,0.9876167081599966,0.007295705014684317,0.9864210271106562,0.007286562545195438
2019-07-29,-0.0016161146071345112,0.9866124088703482,-0.0015949808752003607,0.9848361497322226,-0.0015924005259055722
2019-07-30,-0.0025786549148275606,0.9876167081599966,-0.002547224828107416,0.9850686933791996,-0.0025402684994485247
2019-07-31,-0.010885526112695776,0.9853794563024983,-0.010727492428423562,0.9837008943195223,-0.010708785671727188
2019-08-01,-0.00899879386967306,0.9834192859785027,-0.008850567527143607,0.9837160671861719,-0.008852265701327142
2019-08-02,-0.007282739927037873,0.9647771299971981,-0.0070355420033142565,0.9687024836675833,-0.007062315046985956
2019-08-05,-0.0297778200029859,0.9675168792420334,-0.028811913354542334,0.9738136767582,-0.02900060397949688
2019-08-06,0.013017017169932643,0.8704541964081759,0.011282185878868218,0.896367049330692,0.011629301957985725
2019-08-07,0.0007668762331907164,0.9540467956213564,0.0006898395133071888,0.9427150499004396,0.0006997717661549735
2019-08-08,0.018762303409984193,0.8248809088159951,0.015412082944906523,0.8946259510399523,0.016761198982427006
2019-08-09,-0.00661660635492356,0.887743209100747,-0.005905278509018614,0.9202236317912817,-0.006101556370436697
2019-08-12,-0.012317322177972212,0.8526309816715338,-0.01051968661388361,0.8714671485372646,-0.010758519877679262
2019-08-13,0.015131688322181258,0.9511221391986169,0.014342838187916226,0.9535470583388796,0.014387736932415908
2019-08-14,-0.029292752911742603,0.9581092295079296,-0.028069150467590526,0.9549606597146352,-0.027974133446143395
2019-08-15,0.0024642680276520945,0.7247244347452998,0.0016692228560197641,0.8068813822287051,0.0019143323535909618
2019-08-16,0.014426124657807904,0.757721910460667,0.010914491998400257,0.7463054369964222,0.010736007294294048
2019-08-19,0.012105865492430645,0.9001209042889756,0.010825543097333223,0.9135691542395273,0.01097591344063579
2019-08-20,-0.007914727601131322,0.8448073156255773,-0.0067140765729511165,0.8653962864876786,-0.006873462308456503
2019-08-21,0.00824679859557964,0.8817968423397066,0.007253506197636589,0.890563579474271,0.0073317148299894995
2019-08-22,-0.0005060748601761755,0.8855292461311867,-0.00045001029131349447,0.8896943904214298,-0.00045068655875847346
2019-08-23,-0.025946336754618105,0.8694315468964879,-0.022566612550482167,0.8851909506620705,-0.0229697142178983
2019-08-26,0.010982987735216332,0.8278094913117238,0.009071010462379951,0.766411750969226,0.00835810126117426
2019-08-27,-0.003203180635808267,0.9038811625888163,-0.0029333304727149068,0.8912284387955781,-0.0029171740211448053
2019-08-28,0.006545480165679685,0.8899612678179029,0.005818263879339773,0.8899357647757439,0.005824410560058695
2019-08-29,0.012687291793508804,0.8814194004781235,0.011178554192655656,0.8816033707734704,0.011180993014142812
2019-08-30,0.0006427872591217021,0.9068223573274081,0.0005701923791521231,0.896424292192286,0.0005687996530789835
2019-09-03,-0.00689910050906084,0.9211336991097854,-0.006362149643332604,0.9165987545934352,-0.006333794165620676
2019-09-04,0.010842079212828093,0.9244853483092692,0.010021667552868324,0.933254282624747,0.010110089093912908
2019-09-05,0.013009813642266721,0.9470759533246446,0.012309986355318034,0.9477237658861561,0.012322474836895402
2019-09-06,0.0009106051537297599,0.9309008661571568,0.0008395955827504607,0.9296532157605034,0.0008375117343901325
2019-09-09,-9.401025965849463e-05,0.9470011828162103,-9.707798542298019e-05,0.9395360049924252,-9.326741840380348e-05
2019-09-10,0.0003223043548219451,0.9126127812792947,0.0002769448729040262,0.9175067032811006,0.0002847017551901627
2019-09-11,0.007229681189480308,0.9332203540481135,0.0067365818529173905,0.939924936615712,0.006784148517106778
2019-09-12,0.002879153101061016,0.955128624663016,0.0027390074063032145,0.9537045058682135,0.0027389715009400804
2019-09-13,-0.0007244143620946941,0.9803498171836508,-0.0007227900837050618,0.9811555107566766,-0.0007244886458847232
2019-09-16,-0.0031355866640028207,0.9755724830911054,-0.00306138073479486,0.977109921090255,-0.003065835632668663
2019-09-17,0.0025817523700197853,0.9617389639598796,0.002476055089978179,0.9629161397136511,0.0024789141351477194
2019-09-18,0.00034269198975556137,0.978109664899939,0.00032700499679367575,0.9788336177353417,0.0003274797010905135
2019-09-19,1.997472142156731e-05,0.9792788518279464,1.8976228795291827e-05,0.9803034811049312,1.8846357258868958e-05
2019-09-20,-0.0048955765157830955,0.9792788518279464,-0.004794134549411928,0.9803034811049312,-0.0047991507004377185
2019-09-23,-9.693591923765066e-05,0.9763971711261353,-9.608879767505915e-05,0.9776785374562845,-9.608463957157011e-05
2019-09-24,-0.008416371322106486,0.9792788518279464,-0.008243415285221,0.9803034811049312,-0.008251910577157023
2019-09-25,0.006158571742003405,0.9607205905535753,0.005907387550306887,0.967735978493345,0.005953587699563337
2019-09-26,-0.002428916406865711,0.9768865357541417,-0.002380858706939725,0.9782881888563169,-0.002381456337737535
2019-09-27,-0.005316352490240539,0.9756315080547922,-0.005187428511253902,0.9773095150314787,-0.005196211210885794
2019-09-30,0.005047606675254723,0.9750623106851559,0.00492144642951887,0.974222506228536,0.004915948521221073
2019-10-01,-0.012258373372913245,0.9776136704091147,-0.011985229066201057,0.9793603199245408,-0.01200793337509879
2019-10-02,-0.017903202985502964,0.9462890800688818,-0.016957267778608176,0.927768309842281,-0.016635820379664493
2019-10-03,0.00797191259701524,0.9121907829210065,0.007254856044675228,0.9100982684412297,0.007246388830007871
2019-10-04,0.014216897585460186,0.9390980563791723,0.013337607253518326,0.9418516745315495,0.013374332094464059
2019-10-07,-0.004478294673592398,0.9474952779439211,-0.004247361667252585,0.9345795654466559,-0.004188958744530504
2019-10-08,-0.015560819201407838,0.7046360212335808,-0.011086143357570296,0.7853766284186883,-0.012295705188348457
2019-10-09,0.0091044925499415,0.9471610500262225,0.00850215820916219,0.9609772254282652,0.008661409691070305
2019-10-10,0.006415695380997066,0.9427120334660354,0.006045928730438301,0.9400200566006186,0.006020403750763366
2019-10-11,0.010938977513132997,0.9435332669516875,0.010320878573334595,0.9471355650027594,0.010357136893252631
2019-10-14,-0.0013871187334510982,0.9378628995311007,-0.0013037623810586484,0.9428705633991143,-0.0013100059225123254
2019-10-15,0.009955676641137279,0.9602445262629601,0.009548693186530155,0.9660655082047581,0.009606238341439702
2019-10-16,-0.0019995427986508885,0.9499985562367554,-0.0019046857568650478,0.947736695752536,-0.0019042044912352825
2019-10-17,0.0027628315736780706,0.9637862181705065,0.002655885162870381,0.9650520331807682,0.002657618558799927
2019-10-18,-0.003919344949506964,0.9697854040902338,-0.003803923118586492,0.9704363403428773,-0.003806166922921932
2019-10-21,0.006871616056117524,0.9681573636270395,0.006651991664516381,0.9691149130761721,0.006658724883283811
2019-10-22,-0.003568666378412577,0.9663821912959933,-0.003449583220940206,0.9656989178168169,-0.003447965257311963
2019-10-23,0.0028471487971184484,0.9574291429379699,0.0027214667084629763,0.9619386379976739,0.002736902296167264
2019-10-24,0.0019204463587332299,0.9697854040902338,0.0018562427174615914,0.9704363403428773,0.0018594220850212783
2019-10-25,0.004072700506109195,0.9776136704091147,0.003977613557095029,0.9790833535807499,0.003983189763032471
2019-10-28,0.005581337868471481,0.9706487701407382,0.0054140362876375836,0.9710346918727618,0.0054156483664949875
2019-10-29,-0.0008324053147991117,0.9706487701407382,-0.0008079731950683719,0.9710346918727618,-0.0008082944383692047
2019-10-30,0.00325337015914573,0.9762141903742674,0.0031732034057814855,0.9781449680832796,0.0031787125123754353
2019-10-31,-0.0030228605633046968,0.9677210598182093,-0.0029295323932819195,0.9710229605241518,-0.002938828017211396
2019-11-01,0.009662312168146059,0.9763971711261353,0.009429916211861483,0.9783625922232086,0.009449574963847702
2019-11-04,0.003704089049704651,0.97029647743521,0.0035910142101892944,0.9737098341625691,0.0036043815552809838
2019-11-05,-0.001185699214361291,0.9701114044529688,-0.0011503528665939343,0.9693243372151007,-0.0011515198535709582
2019-11-06,0.0007024972279667807,0.9870118765772754,0.000684922871203673,0.985988086673602,0.0006843220229672246
2019-11-07,0.0027300951851503275,0.9768535951471949,0.002661824155993104,0.9760100310836148,0.0026596112587248047
2019-11-08,0.0025606760900243053,0.9796778821384646,0.002507225585221981,0.9793295367958704,0.0025060859762716355
2019-11-11,-0.0019624672514313435,0.9876881881216626,-0.001942310876805922,0.9865975742677214,-0.0019397994485779316
2019-11-12,0.0015646460846321375,0.9870118765772754,0.0015439861123998587,0.9864210271106562,0.001543311524288967
2019-11-13,0.0007115345908383919,0.9889188776239269,0.0007026964884391768,0.9864163784980934,0.0007018670499646478
2019-11-14,0.0008370427393644686,0.9853794563024983,0.0008230350087561996,0.98425207460609,0.0008227789008074411
2019-11-15,0.007695488006902673,0.987945924825508,0.007601442781701562,0.9861579533353119,0.007588013763438968
2019-11-18,0.0005031528617669423,0.9869116953821475,0.000496050329121112,0.9849359212343586,0.0004949623113756505
2019-11-19,-0.0005925944462060739,0.9858778476454065,-0.0005847426610206363,0.9846460594179443,-0.0005836407171979769
2019-11-20,-0.003756184245747196,0.9853794563024983,-0.003701515985517836,0.98425207460609,-0.0036972291288853163
2019-11-21,-0.0015827522106851566,0.9853794563024983,-0.001559611512826517,0.98425207460609,-0.0015578271469542406
2019-11-22,0.0021749356911917594,0.9853794563024983,0.0021431369488794346,0.984737824099023,0.0021414985653530113
2019-11-25,0.007507291353015866,0.9882618997448991,0.007417728792748713,0.9870347928496463,0.007408809281110645
2019-11-26,0.0021955703874654287,0.9866124088703482,0.002165352243384395,0.9853130527253502,0.002162463290884793
2019-11-27,0.004174424362754614,0.9866124088703482,0.004118538876184398,0.9851147527187215,0.004112187873854704
2019-11-29,-0.004011219709926239,0.9882618997448991,-0.003964960356263163,0.9865975742677214,-0.0039582010464426
2019-12-02,-0.008631020716408422,0.9876167081599966,-0.008524462863792472,0.9864210271106562,-0.008513908593671479
2019-12-03,-0.00663809511563529,0.9858778476454065,-0.0065452203553253005,0.9845985564642439,-0.00653677010385006
2019-12-04,0.00632356747139462,0.9834192859785027,0.006217488926722331,0.9837160671861719,0.006220153678907685
2019-12-05,0.0015002511791302187,0.987876343070192,0.0014798341199800593,0.9863739479118943,0.001478479738055287
2019-12-06,0.009135724328457329,0.987876343070192,0.009024965940893812,0.9861897711180747,0.00900946579608225
2019-12-09,-0.00316282139344648,0.9873730059678424,-0.0031231361351378253,0.9853130527253502,-0.003116807561598159
2019-12-10,-0.0010969340964486207,0.9876167081599966,-0.0010834722924991241,0.9864210271106562,-0.001082592845284201
2019-12-11,0.002908158040315856,0.9876167081599966,0.002872145470585772,0.985988086673602,0.0028671927116969555
2019-12-12,0.008575225775086182,0.9882618997448991,0.008474246319435644,0.9865975742677214,0.008459992204701007
2019-12-13,7.258178414493166e-05,0.9825071822799799,6.843476549263094e-05,0.979337976786933,6.745229889568906e-05
2019-12-16,0.007147785279833618,0.9858778476454065,0.007045157834431174,0.9846460594179443,0.007035384568038255
2019-12-17,0.00033529222633799094,0.9882618997448991,0.0003301645065207333,0.9865975742677214,0.00032982273975099707
2019-12-18,-0.00043230017186479675,0.9876167081599966,-0.0004272694684665626,0.985988086673602,-0.0004265475631227
2019-12-19,0.004459292004863613,0.9876167081599966,0.004404071290567593,0.985988086673602,0.004396808791794365
2019-12-20,0.004944781081796634,0.9882618997448991,0.004886416149926527,0.9865975742677214,0.004878204276788419
2019-12-23,0.0008661436002121992,0.9882618997448991,0.0008559767197975943,0.9865975742677214,0.0008545351749368668
2019-12-24,-0.00019544819997963092,0.9858778476454065,-0.0001938800767718338,0.9841084460288833,-0.00019358678848051608
2019-12-26,0.005128166675301138,0.9876167081599966,0.005063793660499409,0.985988086673602,0.005055371428001137
2019-12-27,3.398471712534601e-05,0.9882618997448991,3.32632053161362e-05,0.9865975742677214,3.3224495680981374e-05
2019-12-30,-0.005780822450430323,0.9876167081599966,-0.005709559434743852,0.985988086673602,-0.0057001268110966575
2019-12-31,0.0029460216619106028,0.9876167081599966,0.002909540215904192,0.9864210271106562,0.002905801243413572
2020-01-02,0.008378802677341701,0.9882618997448991,0.008280128855704906,0.9865975742677214,0.00826641812315468
2020-01-03,-0.007059870562045378,0.9820705557786166,-0.00693638667857614,0.9773455501424964,-0.006904559090459668
2020-01-06,0.0035333728907271933,0.9858778476454065,0.0034815704145053587,0.9845985564642439,0.0034753273444990134
2020-01-07,-0.0028032386528962228,0.9882618997448991,-0.002771525982599299,0.9878583613867147,-0.0027708326446871994
2020-01-08,0.004902451368978156,0.9876167081599966,0.004841420287152224,0.9864210271106562,0.004835162447609446
2020-01-09,0.006655262605488987,0.9823968099599252,0.006535498803977926,0.9786185385019891,0.006509062120026239
2020-01-10,-0.002855178689662563,0.9882618997448991,-0.002824596860849563,0.9865975742677214,-0.0028209018872048424
2020-01-13,0.006976215252569862,0.9876167081599966,0.006889504147366154,0.9864210271106562,0.006881397141206455
2020-01-14,-0.001514532772802224,0.9866124088703482,-0.0014947589769323142,0.9847984333347211,-0.0014923207987776888
2020-01-15,0.0018701968845122874,0.9876167081599966,0.0018465355410482824,0.985988086673602,0.0018433970211937612
2020-01-16,0.00836655302646827,0.9861395768029313,0.008249850495142173,0.9847326081789294,0.00823818984397408
2020-01-17,0.003862162248501333,0.9882618997448991,0.0038157666393559744,0.9865975742677214,0.003809467422755388
2020-01-21,-0.0026519776473655776,0.9882618997448991,-0.0026208484678665136,0.9865975742677214,-0.0026164347139030976
2020-01-22,0.0002890760711180551,0.9757004024494393,0.00027577089028065925,0.9760002650118945,0.0002768396673919056
2020-01-23,0.0011409766124783616,0.9876167081599966,0.0011208894132481448,0.985988086673602,0.0011199954362460139
2020-01-24,-0.009042160974207403,0.9858778476454065,-0.008915335629572183,0.9846460594179443,-0.008903999185503868
2020-01-27,-0.015730711659182384,0.9839465362590706,-0.015479144905635851,0.9848719350226682,-0.015492849368864964
2020-01-28,0.010053584595046017,0.9644526023440039,0.009686458858620186,0.9651111436721237,0.009692946130854033
2020-01-29,-0.0008668741908683941,0.9848631374255508,-0.0008639577029126558,0.9824523097573554,-0.0008603331341303082
2020-01-30,0.003134358792605374,0.98515455200012,0.0030876821248494997,0.9838225513456056,0.003082967743379426
2020-01-31,-0.01770582037552626,0.9789189409012945,-0.01733568073534814,0.9753425255874194,-0.017273479575542067
2020-02-03,0.007254613892351713,0.9598783857977501,0.0069540267950247234,0.9622016288018502,0.006973830855156565
2020-02-04,0.014980414164082134,0.9717417574490744,0.014551162301294518,0.9700462935647873,0.01452777290355185
2020-02-05,0.01125059589785371,0.9837216696155826,0.011061465024723622,0.9804095829860263,0.011025010387848434
2020-02-06,0.003325672876785646,0.9757293737533032,0.003240960565443265,0.9708657023115062,0.003224009792841563
2020-02-07,-0.005400853672730133,0.9844621523000898,-0.005321302420187145,0.9827391705042064,-0.0053135671924497575
2020-02-10,0.007326397804890528,0.9876167081599966,0.007234095604806655,0.9864210271106562,0.007225071919418146
2020-02-11,0.0016884725532351208,0.9866124088703482,0.0016653658234139456,0.9847984333347211,0.0016619938282666556
2020-02-12,0.006462646466197652,0.9882618997448991,0.006385962528626875,0.9864163784980934,0.006374051350118503
2020-02-13,-0.0016304457368023773,0.9866124088703482,-0.0016094427413562585,0.9848361497322226,-0.0016065120161627053
2020-02-14,0.0018435333204338544,0.9858778476454065,0.0018171313813994472,0.9835895064624309,0.0018126567071576857
2020-02-18,-0.002919942636890105,0.9882618997448991,-0.0028868600835288915,0.9864163784980934,-0.002881692677321142
2020-02-19,0.004705785881164548,0.9858778476454065,0.004638138029952901,0.9845985564642439,0.004632401074607509
2020-02-20,-0.00381551976362815,0.9832789890548641,-0.003753019845194413,0.9783621105786603,-0.0037360781918406197
2020-02-21,-0.01051810302712286,0.9876167081599966,-0.010390023147287342,0.9850686933791996,-0.01036440729715599
2020-02-24,-0.03351362667122315,0.9725761493285028,-0.032602074257346965,0.971396507314808,-0.03256185598891076
2020-02-25,-0.030279995565056117,0.7876206783143435,-0.02394162838181189,0.7794176823890238,-0.023696753378528848
2020-02-26,-0.0037785406053220116,0.6136319168717173,-0.002405627495342678,0.4350395984171551,-0.0018160038295281366
2020-02-27,-0.04416324258407911,0.6108887164278933,-0.026980198175703678,0.6031383183176589,-0.026720593223566545
2020-02-28,-0.008238340444361891,0.41090299190345436,-0.0034851515991697543,0.373455941431284,-0.00319149837492378
2020-03-02,0.046039229006110016,0.4565555767368634,0.020996640458988386,0.3346634854819893,0.015388252620113634
2020-03-03,-0.028107896121075893,0.873116340486839,-0.024749743781892986,0.9142402990897547,-0.025987159763320063
2020-03-04,0.04220259077449118,0.5582812220659772,0.02340349639272284,0.6872693488253789,0.02889106160519631
2020-03-05,-0.033922077046888544,0.8731009431436951,-0.02977480732357034,0.8120585152041904,-0.027609106102527863
2020-03-06,-0.01705385200037013,0.7893736899713161,-0.013503725708343068,0.7668317221429065,-0.013100048095144718
2020-03-09,-0.07596969747745097,0.639605046621213,-0.04866548621853953,0.5830490661923867,-0.044385952501121165
2020-03-10,0.04939630628156144,0.03249685272904923,0.0013016703936448296,0.05762707765129982,0.002583853783504387
2020-03-11,-0.048868445131273974,0.20258051089640494,-0.009984836410490092,0.30764188128036773,-0.015158987797246087
2020-03-12,-0.09511268097833658,0.03395361219773885,-0.0033137325343750254,0.04794735205562084,-0.004690248464434629
2020-03-13,0.09287124972971839,0.01876534647430217,0.001735167045817889,0.01976150148287803,0.0018211824139641943
2020-03-16,-0.11984055240393443,0.025689335610949993,-0.0030820861650746353,0.03138345813948762,-0.003766821938110253
2020-03-17,0.05995484974402432,0.015269749259274157,0.0009102857292928708,0.0172518379953972,0.0010272655447502437
2020-03-18,-0.051830762729157875,0.012626455453529362,-0.0006557604636250342,0.019164888341706154,-0.00099428730554293
2020-03-19,0.0047078080405855705,0.015269749259274157,7.056540143766403e-05,0.014686015207036829,6.689950390851528e-05
2020-03-20,-0.04335951230846191,0.027328372077166985,-0.001190974196859095,0.027414090201826946,-0.0011950256190287956
2020-03-23,-0.02929386782180443,0.015269749259274157,-0.0004533393278822197,0.016790889568927603,-0.0004971816999591297
2020-03-24,0.09382773976227554,0.018277981863008774,0.0017134776093201123,0.020088119403188776,0.0018831742247587837
2020-03-25,0.011535011448221999,0.044688471894753556,0.000502276789893657,0.060895121455354806,0.0006820224221023037
2020-03-26,0.062414163303876835,0.011652873379811246,0.0007107865428294672,0.018332335454236626,0.0011229159857816166
2020-03-27,-0.033687352562252526,0.06694058343577935,-0.0022826948899519646,0.04308509873967836,-0.0014637992930657277
2020-03-30,0.03351600948370015,0.013346525686418809,0.00042052525260578014,0.014407527620440397,0.0004685440468037332
2020-03-31,-0.016012721914555605,0.035073012927097635,-0.0005724776463275678,0.038863893236232405,-0.0006345448977166639
2020-04-01,-0.04414243033166543,0.02535020427622603,-0.0011238810304822304,0.02269365925819744,-0.0010098383897645521
2020-04-02,0.02282934723487151,0.030555267582302426,0.0006949542818377568,0.027366146633683197,0.0006224150202930209
2020-04-03,-0.015137125124949469,0.043991287319143035,-0.0006726196304258912,0.04649335130095744,-0.0007133392784544621
2020-04-06,0.07033131865275055,0.02689121324922117,0.0018827444509550806,0.025078816579044427,0.0017531189728937006
2020-04-07,-0.0016030527844311804,0.08928250261794379,-0.00017432020910704027,0.04336282788019685,-7.86549076247358e-05
2020-04-08,0.03405645287963033,0.023884222511776243,0.0007807127584858297,0.018800750758651952,0.0006280058437529318
2020-04-09,0.014487410153376512,0.15418982363812095,0.002168658415959075,0.06437508709182183,0.0009098411221919718
2020-04-13,-0.010104660822607414,0.12083203532304587,-0.0012376456276022344,0.0690080352546576,-0.0006996192643642677
2020-04-14,0.030572589146256046,0.055263820246377215,0.0016567739635067029,0.04218523804816321,0.001276300552280255
2020-04-15,-0.022030438529415775,0.11597221791039902,-0.0025852730166270677,0.07812767760803041,-0.001739158218769661
2020-04-16,0.005816689462164515,0.19449705031558506,0.0010920665267901521,0.07328563684604661,0.0004238587711894229
2020-04-17,0.026793594848223412,0.1163759907774835,0.0030790706171834265,0.13428864809070307,0.00356757412403562
2020-04-20,-0.01788104803401469,0.18372147423876006,-0.003318805247473899,0.1946114809517976,-0.003510018655300375
2020-04-21,-0.030674795694063395,0.13147484143182864,-0.00405908721623419,0.2390377239315289,-0.007354646466263443
2020-04-22,0.022930247703843776,0.11916542912484818,0.002726338101414118,0.2580672008391671,0.005908030101025883
2020-04-23,-0.0005394221197431159,0.17179973367400836,-0.00011898972878431646,0.15079365524498867,-0.00013497820595315365
2020-04-24,0.013918057304545428,0.17092398533286668,0.00237849194841355,0.08062882545987837,0.0010871141982562234
2020-04-27,0.014714069804799612,0.10788133802558342,0.0015558522146899754,0.07426894720796362,0.0010896185344209965
2020-04-28,-0.005242380698498916,0.1565237276149628,-0.0008448781633004725,0.11785887406330886,-0.0006396560499639776
2020-04-29,0.026583916282167053,0.13448928473695,0.0035642346648565994,0.08958012999871556,0.0023672513043991993
2020-04-30,-0.009212446303987654,0.1967590542957297,-0.001843767107302191,0.17094363865958484,-0.001615490846490128
2020-05-01,-0.028059034078492195,0.09431456534410021,-0.0026975978475641013,0.07893693417634817,-0.002260897478347467
2020-05-04,0.004249827591976452,0.17947401105925775,0.0007201538813847417,0.27609299167112344,0.0010747695852078773
2020-05-05,0.009040556385797371,0.14350611327477403,0.0012793911598749774,0.24007643573807247,0.0021524162762247777
2020-05-06,-0.006979410390386298,0.12082292363254676,-0.0008546143634189607,0.1408274383823871,-0.0010325169853753614
2020-05-07,0.011504630788313985,0.23485854897186842,0.0026449430807308446,0.11646108046645254,0.0013276585530166952
2020-05-08,0.016871538638701944,0.12687808424891178,0.0020866382684485174,0.17498927873884995,0.002923074278464893
2020-05-11,0.00013307822091168653,0.12713454579285144,1.6790608398558184e-05,0.173158121148697,2.2127995903802402e-05
2020-05-12,-0.020500317528877154,0.11133352921244544,-0.002290273208755855,0.1092706872612158,-0.0022720275023972963
2020-05-13,-0.01746272460422804,0.13786255909059686,-0.0024207204175722835,0.10211180823029287,-0.001786729825480812
2020-05-14,0.01152482269503552,0.2443263321389434,0.0027625857711055077,0.13165051666736605,0.0015024795080826755
2020-05-15,0.0039263632504382695,0.21921728832229725,0.0008481721828210752,0.20918651783397657,0.00078257425552717
2020-05-18,0.03150119163168075,0.1437729177505127,0.004491296048218883,0.36310961882547776,0.011361424135432176
2020-05-19,-0.010484399194493177,0.15951796059206613,-0.0016803224989594293,0.30771936289754365,-0.003253947768456927
2020-05-20,0.01665110025908012,0.12514448222429342,0.0020666065812034937,0.4814390750524006,0.007929630451258891
2020-05-21,-0.007773596407737116,0.1578714066214999,-0.0012435920615959004,0.4447069135108357,-0.003475338146134475
2020-05-22,0.002353711326488428,0.09677979014779037,0.0001972458800091726,0.3621049219935045,0.0008109894605146546
2020-05-26,0.012289184036080147,0.15911601336647785,0.0019242378597386911,0.6841415905062812,0.008246523578211883
2020-05-27,0.014827297215913804,0.1735577947120963,0.002566172115661996,0.47035326662514765,0.0068671735187864485
2020-05-28,-0.0021079145460738413,0.16502718110941839,-0.00035212850235944425,0.35538933844221243,-0.0008066123201133666
2020-05-29,0.004812335824971425,0.18367761851319364,0.0008745931651145888,0.4406610949546673,0.002077973295665253
2020-06-01,0.003751234813537785,0.11917333185468693,0.00041479500796933974,0.5182310244817416,0.0019052212957277241
2020-06-02,0.008210832780053412,0.0860268736694948,0.0006897790451984055,0.2625741565377977,0.0020281240577234533
2020-06-03,0.013648979133831007,0.07896182810292063,0.0010742158213626275,0.25975842188312315,0.0035440294127922823
2020-06-04,-0.0033687022311144066,0.10572040188799958,-0.00036951984060695536,0.20273732029804947,-0.0007114722140107322
2020-06-05,0.026211650818398713,0.16440084711926217,0.004279877376323419,0.27729338940862525,0.007231039462873856
2020-06-08,0.012041579421169235,0.22452676754860312,0.0026735939434002374,0.24196327902676318,0.0028959549862163704
2020-06-09,-0.007799170822611612,0.25607315622694504,-0.0020129314828384254,0.3311931988000646,-0.0026276472926155215
2020-06-10,-0.0053130910724373814,0.28107886592299947,-0.0015059004680343393,0.22759959107081063,-0.0012610541592733497
2020-06-11,-0.05894405927443824,0.2646359674836444,-0.015606939602723923,0.12753508121392476,-0.007567467641572319
2020-06-12,0.013060843963234703,0.3915242322981346,0.005050192773463948,0.6638214231864493,0.008401924856704344
2020-06-15,0.008312217041285264,0.14233712029528145,0.0010585434809244824,0.1384462559719516,0.0008881077445849488
2020-06-16,0.01896239819380252,0.20633000553692493,0.0038805152816998273,0.27751296467093234,0.00519277798568338
2020-06-17,-0.0036002995561740248,0.4699324949898599,-0.0018236989978702124,0.56848734278533,-0.002192211916977773
2020-06-18,0.0005942198825281686,0.2601689479911974,4.971578821347528e-05,0.3583558915889843,0.00010787647020511053
2020-06-19,-0.005649494809462974,0.7479138774770263,-0.004469208033474701,0.6649748888292673,-0.003910081681484305
2020-06-22,0.006495095537691675,0.7761014917732612,0.005026759528864244,0.6742353762008177,0.004374592939630024
2020-06-23,0.004307419569164139,0.7800824477660064,0.0033581519230723856,0.7329287238532773,0.003127684854101877
2020-06-24,-0.025855145939064572,0.46462596156027747,-0.012170700286322046,0.610169118405238,-0.01583739140660182
2020-06-25,0.010959447267809841,0.7731111197648293,0.00831862797011779,0.7124094426063504,0.007756493557233543
2020-06-26,-0.024226905044785974,0.7806895489435127,-0.01891748078630062,0.7175880369805342,-0.017387526530388858
2020-06-29,0.014685678433118632,0.7006436018970053,0.010249403660158153,0.6970600869269392,0.010226536310143954
2020-06-30,0.015409875731554612,0.6836343709998013,0.010526216087477839,0.5800315061416728,0.008879699139637
